categoria,contratos,taxa_ever_inadimplente,score_medio,ltv_medio,tx_juros_anual_media,prazo_meses_medio,segmento
3 a 6 SM,3589,0.5293953747561995,637.7079966564503,84.03664251880747,7.644466425188075,271.6634159933129,faixa_renda
6 a 10 SM,1996,0.45190380761523047,701.3987975951903,80.08655811623245,8.744243486973946,271.2625250501002,faixa_renda
Acima de 10 SM,978,0.38752556237218816,762.0327198364008,75.13961145194273,8.78,270.79754601226995,faixa_renda
Até 3 SM,3437,0.604887983706721,581.8664533022985,87.48010765202211,6.709351178353216,270.67209775967416,faixa_renda
AC,51,0.5098039215686274,641.8039215686274,83.52392156862746,7.642941176470589,265.88235294117646,uf
AL,206,0.46116504854368934,642.5533980582525,83.85936893203883,7.645388349514564,276.99029126213594,uf
AM,200,0.485,657.475,83.2396,7.665,275.4,uf
AP,39,0.48717948717948717,671.8717948717949,82.71205128205128,7.754358974358975,261.53846153846155,uf
BA,589,0.5449915110356537,642.3276740237691,83.41957555178267,7.707589134125637,273.0050933786078,uf
CE,379,0.5382585751978892,649.7176781002638,83.51435356200527,7.6506068601583115,267.38786279683376,uf
DF,166,0.536144578313253,635.2530120481928,83.60656626506024,7.850120481927711,270.0,uf
ES,193,0.47668393782383417,636.4300518134716,83.37849740932643,7.622694300518135,279.17098445595855,uf
GO,301,0.5149501661129569,647.1162790697674,83.65292358803987,7.5694019933554815,265.7142857142857,uf
MA,278,0.5,647.8093525179856,83.48690647482015,7.630215827338128,267.841726618705,uf
MG,1033,0.5150048402710552,642.3668925459825,83.52983543078413,7.6500096805421105,276.1277831558567,uf
MS,157,0.6178343949044586,651.4904458598726,82.96681528662421,7.740254777070064,274.7770700636943,uf
MT,188,0.5053191489361702,649.4840425531914,83.27861702127659,7.44877659574468,268.72340425531917,uf
PA,269,0.5613382899628253,640.9219330855019,83.8253531598513,7.572788104089219,263.42007434944236,uf
PB,200,0.5,634.71,83.73975,7.71235,277.2,uf
PE,370,0.527027027027027,647.6837837837838,84.06664864864865,7.710567567567567,271.94594594594594,uf
PI,114,0.49122807017543857,656.3421052631579,82.86754385964912,7.687105263157895,271.57894736842104,uf
PR,612,0.5490196078431373,643.0816993464052,83.35643790849673,7.694803921568628,270.88235294117646,uf
RJ,1070,0.5299065420560748,637.1289719626168,83.87936448598131,7.59611214953271,271.1214953271028,uf
RN,203,0.5566502463054187,646.8472906403941,83.05625615763546,7.9303448275862065,273.1034482758621,uf
RO,92,0.4782608695652174,661.3369565217391,83.41141304347826,7.795760869565218,265.4347826086956,uf
RR,52,0.6730769230769231,615.5576923076923,83.06134615384615,7.6450000000000005,291.9230769230769,uf
RS,604,0.5215231788079471,645.3344370860927,83.80157284768212,7.530513245033113,270.19867549668874,uf
SC,269,0.4944237918215613,651.9516728624535,83.07293680297397,7.651375464684014,268.7732342007435,uf
SE,102,0.5784313725490197,657.3137254901961,83.52176470588235,7.709901960784314,270.0,uf
SP,2164,0.5318853974121996,640.6150646950092,83.582292051756,7.679098890942699,269.80591497227357,uf
TO,99,0.4444444444444444,642.6767676767677,83.55757575757576,7.3115151515151515,260.6060606060606,uf
Novo,4530,0.517439293598234,644.6183222958057,83.57455849889625,7.627004415011038,271.1920529801325,tipo_imovel
Usado,5470,0.5330895795246801,642.3670932358318,83.55085923217551,7.675694698354662,271.1297989031079,tipo_imovel
FGTS,5027,0.5144221205490352,658.2462701412373,82.53589417147404,8.26927988860155,272.45275512233934,programa_social
Livre,1620,0.5037037037037037,675.0475308641975,81.62341975308642,10.231555555555556,270.9259259259259,programa_social
MCMV,3353,0.5541306292872055,605.8121085594989,86.03580972263644,5.485114822546973,269.3289591410677,programa_social
120 meses,964,0.5228215767634855,643.1690871369294,83.50008298755186,7.683734439834025,120.0,prazo_meses_cat
180 meses,1497,0.5277221108884436,641.1389445557783,83.57779559118237,7.605263861055445,180.0,prazo_meses_cat
240 meses,1949,0.5192406362237044,645.2493586454592,83.51609543355566,7.639825551564905,240.0,prazo_meses_cat
300 meses,2562,0.5292740046838408,643.007806401249,83.56267759562841,7.671260733801717,300.0,prazo_meses_cat
360 meses,3028,0.5277410832232496,643.6895640686922,83.60153896961691,7.66195178335535,360.0,prazo_meses_cat
10.67-12.00,618,0.5242718446601942,678.0194174757281,81.48042071197412,11.337653721682848,273.1067961165049,tx_juros_anual_faixa
4.00-5.33,1516,0.5428759894459103,602.353562005277,86.07440633245383,4.662097625329815,271.02902374670185,tx_juros_anual_faixa
5.33-6.67,1437,0.5581071677105081,609.2546972860125,86.01227557411273,5.982101600556716,269.3528183716075,tx_juros_anual_faixa
6.67-8.00,2373,0.5195954487989887,649.2326169405816,83.19538137378846,7.380257058575642,271.8331226295828,tx_juros_anual_faixa
8.00-9.33,3121,0.5123357898109581,660.3803268183275,82.38400833066325,8.717263697532843,271.432233258571,tx_juros_anual_faixa
9.33-10.67,935,0.5122994652406417,667.9251336898395,81.95666310160428,9.781561497326203,270.2245989304813,tx_juros_anual_faixa
300-400,40,0.625,367.975,86.73075,6.92525,250.5,score_credito_contratacao_faixa
400-500,685,0.6291970802919709,465.93138686131385,86.53351824817518,6.869445255474452,269.7810218978102,score_credito_contratacao_faixa
500-600,2658,0.5838976674191121,558.6343115124154,85.66241534988714,7.216847253574116,270.99322799097064,score_credito_contratacao_faixa
600-700,3833,0.517871119227759,649.1463605530915,83.8192512392382,7.630174797808505,271.964518653796,score_credito_contratacao_faixa
700-800,2171,0.46890833717181024,741.6688162137264,81.03570704744357,8.250976508521418,271.39567019806543,score_credito_contratacao_faixa
800-900,613,0.4061990212071778,843.0603588907014,78.25913539967374,8.502593800978794,268.8743882544861,score_credito_contratacao_faixa
70.00-73.33,310,0.3903225806451613,770.7354838709678,71.72216129032257,8.818548387096774,273.2903225806452,ltv_faixa
73.33-76.67,670,0.4134328358208955,731.4791044776119,75.47313432835821,8.710283582089552,268.02985074626866,ltv_faixa
76.67-80.00,973,0.4234326824254882,719.2887975334019,78.35579650565262,8.815590955806783,273.36073997944504,ltv_faixa
80.00-83.33,2136,0.4897003745318352,657.0992509363296,81.70466760299627,7.991671348314607,269.35393258426967,ltv_faixa
83.33-86.67,3051,0.5598164536217634,623.9613241560144,85.21190101606031,7.430285152409046,270.65880039331364,ltv_faixa
86.67-90.00,2860,0.593006993006993,593.6055944055944,88.13713636363636,6.870335664335665,272.7902097902098,ltv_faixa
