dt_referencia,contratos_ativos,contratos_inadimplentes,taxa_inadimplencia,vr_parcela_devida_total,vr_pago_total,dias_atraso_medio,saldo_devedor_medio,share_atraso_1_30,share_atraso_31_60,share_atraso_61_90,share_atraso_1_90,ltv_medio,score_medio,share_baixa_renda,share_programa_social,taxa_inadimplencia_pct,pct_pago_devido,selic_12m,ipca_12m,tx_desemprego_12m,rendimento_medio,confianca_consumidor
2022-02-01,351,11,0.03133903133903134,603403.65,574578.07,9.549857549857549,200339.25943019942,8.262108262108262,4.843304843304843,2.564102564102564,15.669515669515668,83.30962962962963,643.7236467236468,35.04273504273504,83.76068376068376,3.133903133903134,95.22283632192148,10.74,9.74,11.71,2791.08,85.8
2022-03-01,682,28,0.04105571847507331,1174830.58,1092559.61,10.211143695014663,200086.17300586513,11.29032258064516,4.545454545454546,1.906158357771261,17.741935483870968,83.29847507331378,643.9970674486804,33.577712609970675,83.28445747800586,4.105571847507331,92.99720560559464,11.78,9.76,10.86,2766.77,84.81
2022-04-01,1000,46,0.046,1710214.36,1592803.39,10.827,199194.80853,9.1,3.8,2.7,15.6,83.3672,642.867,33.4,83.89999999999999,4.6,93.13472201227452,12.83,10.04,11.05,2817.18,85.73
2022-05-01,1299,50,0.03849114703618168,2238083.71,2085743.87,10.491916859122401,200081.03822170902,10.623556581986143,5.003849114703618,2.386451116243264,18.013856812933028,83.3979753656659,642.9476520400308,34.41108545034642,83.29484218629715,3.849114703618168,93.19329123752928,13.24,10.04,10.61,2831.49,88.41
2022-06-01,1610,84,0.05217391304347826,2778969.59,2552722.31,12.254037267080745,200229.55805590065,10.0,4.409937888198757,2.608695652173913,17.018633540372672,83.43248447204968,643.9478260869565,33.975155279503106,84.03726708074534,5.217391304347826,91.8585910110661,13.24,9.69,10.33,2892.12,87.04
2022-07-01,1942,99,0.0509783728115345,3357621.97,3066515.15,12.598352214212152,200146.1860762101,9.423274974253347,5.612770339855818,2.883625128733265,17.91967044284243,83.45802780638516,643.9011328527291,33.573635427394436,84.24304840370752,5.09783728115345,91.32997035994495,13.83,9.44,10.06,2851.58,85.45
2022-08-01,2248,113,0.050266903914590745,3908441.77,3575735.84,12.526690391459075,201258.53536921708,11.254448398576512,5.249110320284697,2.491103202846975,18.994661921708186,83.41339412811388,644.4319395017793,33.229537366548044,84.29715302491103,5.026690391459074,91.48750449466208,13.79,9.21,9.52,2874.03,84.17
2022-09-01,2553,130,0.0509204857030944,4391472.4,4011896.91,12.666274970622796,199721.69397571485,10.144927536231885,5.405405405405405,2.428515471993733,17.97884841363102,83.47954563258911,644.2734038386212,33.6466901684293,84.05797101449275,5.09204857030944,91.35653249238229,13.73,8.69,9.76,2879.88,81.87
2022-10-01,2881,142,0.04928844151336342,4948036.79,4534559.3,11.902464422075669,199406.70219368275,9.961818812912183,5.3453661922943425,2.4297119055883374,17.736896910794865,83.50193335647344,644.619576535925,33.46060395695939,83.96390142311697,4.9288441513363415,91.64360518022745,13.78,8.74,9.92,2869.77,83.53
2022-11-01,3190,159,0.049843260188087775,5469998.52,5035554.44,11.851097178683386,199055.03719435737,10.094043887147336,4.952978056426333,2.2257053291536053,17.272727272727273,83.52150470219435,644.4742946708463,33.824451410658305,83.98119122257053,4.984326018808778,92.05769291506135,13.73,8.65,10.06,2928.57,85.03
2022-12-01,3516,174,0.04948805460750853,6041327.28,5558724.9,11.749146757679181,199344.1446188851,9.385665529010238,4.778156996587031,2.4175199089874857,16.581342434584755,83.5311234357224,645.1109215017065,34.07281001137656,83.70307167235495,4.948805460750854,92.01164979759217,13.73,8.93,9.84,2933.32,85.81
2023-01-01,3808,212,0.05567226890756303,6542148.66,5994425.97,12.548319327731093,199135.86222163867,9.978991596638656,4.779411764705882,2.3109243697478994,17.069327731092436,83.5323581932773,645.1746323529412,33.82352941176471,83.6922268907563,5.567226890756303,91.6277859390618,13.76,8.55,9.87,2946.68,92.37
2023-02-01,4244,224,0.0527803958529689,7277017.76,6648983.27,12.201225259189444,198285.35632893495,9.63713477851084,4.783223374175306,2.3327049952874646,16.75306314797361,83.57889962299717,644.5254476908577,34.00094250706881,83.76531573986806,5.27803958529689,91.36961718779699,13.65,7.74,9.89,2925.24,92.77
2023-03-01,4678,237,0.0506626763574177,8027441.48,7359010.57,12.212483967507481,198423.52229585292,10.153911928174434,4.852501068832835,2.5224454895254382,17.528858486532705,83.5702287302266,645.0737494655835,33.90337751175716,83.81787088499358,5.06626763574177,91.67317617119521,13.16,8.2,9.88,2984.06,92.02
2023-04-01,5097,284,0.055719050421816754,8734998.93,7966953.24,12.720227584853836,198248.5914714538,9.907788895428684,4.826368452030606,2.491661761820679,17.225819109279968,83.56461644104375,644.3223464783206,34.118108691387086,83.8336276240926,5.571905042181675,91.20726062870853,13.22,7.81,9.46,2940.53,95.46
2023-05-01,5513,267,0.048430981316887355,9460320.76,8702672.95,11.540721929983675,198140.37817703612,9.214583711228007,4.716125521494649,2.3943406493742065,16.325049882096863,83.56093234173771,644.1989842191184,34.02865953201524,83.72936695084347,4.843098131688736,91.99130949974258,12.7,7.55,9.01,2992.88,92.57
2023-06-01,5944,289,0.04862045760430687,10155686.96,9344161.41,11.669582772543741,197223.80837483177,9.639973082099598,4.8452220726783315,2.2880215343203227,16.77321668909825,83.57531460296097,643.6847240915208,34.4885598923284,83.95020188425303,4.862045760430687,92.00915158968232,13.27,7.77,8.94,3037.52,93.96
2023-07-01,6339,333,0.05253194510175106,10877830.84,9959521.6,12.448020192459378,197903.98691118474,9.197034232528791,5.3005205868433505,2.539832781195772,17.037387600567914,83.55304779933743,643.8323079350055,34.53226060892886,83.79870642057107,5.253194510175106,91.55797462281552,13.2,7.72,8.55,2986.47,92.96
2023-08-01,6803,332,0.04880199911803616,11692672.55,10752600.92,11.917242393061885,198040.8985388799,9.36351609584007,5.085991474349552,2.4547993532265178,16.90430692341614,83.54901220049979,643.9288549169484,34.470086726444215,83.68366896957224,4.880199911803616,91.96016457332502,13.18,7.52,8.46,3007.53,88.73
2023-09-01,7195,373,0.05184155663655316,12359600.99,11373591.56,11.892425295343989,197750.62539402363,9.242529534398889,4.8366921473245315,2.237665045170257,16.316886726893674,83.56034468380821,643.6747741487144,34.523974982626825,83.64141765114664,5.184155663655316,92.02231988882353,12.82,6.82,8.18,3033.42,90.97
2023-10-01,7620,389,0.0510498687664042,13046797.78,11990479.78,12.094356955380578,197075.63842388452,10.406824146981627,4.435695538057742,2.5721784776902887,17.414698162729657,83.56079658792652,643.2007874015748,34.645669291338585,83.68766404199475,5.10498687664042,91.90362249946669,12.24,6.81,8.31,3033.93,90.81
2023-11-01,8096,433,0.053483201581027665,13824154.88,12700159.38,12.431200592885375,196562.436909585,10.017292490118578,4.7060276679841895,2.4703557312252964,17.193675889328063,83.5827124505929,642.8451086956521,34.94318181818182,83.70800395256917,5.348320158102767,91.86933660858985,11.75,6.83,8.28,3025.56,93.17
2023-12-01,8545,452,0.05289643066120538,14597610.45,13399981.59,12.362785254534815,196681.52573668814,10.520772381509655,4.634289057928613,2.270333528379169,17.425394967817436,83.5767922761849,642.9797542422469,34.7571679344646,83.83850204798128,5.289643066120538,91.79571982618566,11.68,6.85,8.19,3070.51,97.27
2024-01-01,8997,442,0.04912748694009114,15363034.44,14083293.41,11.87295765255085,196700.86225519617,10.203401133711237,4.990552406357675,2.278537290207847,17.47249083027676,83.58170167833721,642.8161609425364,34.844948316105366,83.91686117594755,4.912748694009114,91.66999830015352,11.72,6.24,8.53,3060.47,96.75
2024-02-01,9550,434,0.045445026178010474,16318031.61,15069573.09,11.377277486910994,196832.57050680628,10.366492146596858,4.7643979057591626,2.450261780104712,17.581151832460733,83.57198952879581,643.0675392670157,34.60732984293194,83.97905759162305,4.544502617801047,92.349208839411,11.26,6.16,8.5,3103.76,98.28
2024-03-01,10000,487,0.0487,17145405.92,15745265.43,12.0772,197149.131903,9.47,5.27,2.63,17.37,83.561595,643.3869,34.37,83.8,4.87,91.83372795877204,11.19,5.71,8.23,3088.47,99.49
2024-04-01,10000,466,0.0466,17145405.92,15839122.1,11.6644,196908.31319000002,10.01,5.140000000000001,2.3,17.45,83.561595,643.3869,34.37,83.8,4.66,92.38114381137964,10.77,5.51,7.87,3150.43,99.88
2024-05-01,10000,500,0.05,17145405.92,15791410.23,11.7512,196670.76224,9.47,4.68,2.39,16.54,83.561595,643.3869,34.37,83.8,5.0,92.1028659436953,10.47,5.94,7.37,3116.33,100.24
2024-06-01,10000,521,0.0521,17145405.92,15727992.93,12.1498,196438.066608,9.76,4.760000000000001,2.4,16.919999999999998,83.561595,643.3869,34.37,83.8,5.21,91.73298668685004,10.49,5.94,7.29,3138.13,99.44
2024-07-01,10000,517,0.0517,17145405.92,15724832.85,11.9893,196204.234653,9.45,4.41,2.53,16.39,83.561595,643.3869,34.37,83.8,5.17,91.71455562715542,10.47,5.34,6.98,3173.41,97.82
2024-08-01,10000,527,0.0527,17145405.92,15714649.07,12.3654,195969.964666,9.77,4.65,2.42,16.84,83.561595,643.3869,34.37,83.8,5.27,91.6551590748223,10.84,5.49,6.68,3145.1,97.62
2024-09-01,10000,523,0.0523,17145405.92,15729045.26,12.4338,195732.807852,9.34,4.87,2.5700000000000003,16.78,83.561595,643.3869,34.37,83.8,5.2299999999999995,91.73912436597476,10.75,5.12,6.75,3186.83,96.31
2024-10-01,10000,497,0.0497,17145405.92,15776309.07,11.8634,195489.44780999998,9.53,4.8,2.37,16.7,83.561595,643.3869,34.37,83.8,4.97,92.01478893886694,10.95,4.65,6.91,3221.0,99.52
2024-11-01,10000,546,0.0546,17145405.92,15676234.28,12.6574,195254.570678,9.700000000000001,4.7,2.6599999999999997,17.06,83.561595,643.3869,34.37,83.8,5.46,91.43110611171811,11.29,4.78,7.11,3175.28,98.98
2024-12-01,10000,500,0.05,17145405.92,15737092.23,12.1065,195012.15056500002,9.520000000000001,4.9799999999999995,2.5700000000000003,17.07,83.561595,643.3869,34.37,83.8,5.0,91.78605804627108,11.19,4.96,6.93,3223.69,106.08
